{"h_norm":7.039937496185303,"h_f_product_h":62.73351287841797,"h_f_product_f":-35.232601165771484,"_step":89,"_runtime":16.2563897,"h_f_norm":9.897783279418945,"f_norm":4.696786880493164,"_wandb":{"runtime":16},"h_f_product_p":27.500911712646484,"_timestamp":1.737219662766826e+09,"p_norm":6.728664875030518}