{"h_norm":0.2644599378108978,"h_f_product_f":-0.4666004776954651,"_runtime":132.4111602,"h_f_product_h":0.02252400480210781,"h_f_product_p":-0.4440764784812927,"_wandb":{"runtime":132},"h_f_norm":0.6993743181228638,"f_norm":0.7169488072395325,"p_norm":0.8238839507102966,"_step":1135,"_timestamp":1.7371229844426959e+09}