{"f_norm":1.7985585927963257,"h_f_norm_std":1.728206224912534,"_runtime":172.5305004,"_wandb":{"runtime":172},"p_norm":2.1219189167022705,"h_f_product_f":-3.5977535247802734,"_timestamp":1.7372512520975864e+09,"h_f_product_h":2.3565492630004883,"h_norm":1.4119518995285034,"h_f_norm":2.4401440620422363,"h_f_product_p":-1.2412045001983643,"_step":1577}