{"h_norm":0.22201256453990936,"_timestamp":1.7371280985501304e+09,"h_f_product_p":-0.8400216698646545,"h_f_product_h":0.04874114692211151,"_wandb":{"runtime":144},"_runtime":144.6659787,"f_norm":0.9430329203605652,"h_f_product_f":-0.8887627124786377,"p_norm":0.9693799018859863,"_step":3696,"h_f_norm":0.9682478308677673}