{"h_norm":1.5439329147338867,"p_norm":2.531033992767334,"_wandb":{"runtime":413},"_runtime":413.6733363,"f_norm":1.6554278135299683,"h_f_product_h":1.7427469491958618,"_timestamp":1.737219631482874e+09,"_step":3197,"h_f_product_f":-2.099459171295166,"h_f_norm":1.9601545333862305,"h_f_product_p":-0.3567120134830475}