{"p_norm":1.7875430583953857,"h_f_product_h":0.29145655035972595,"f_norm":1.2225829362869263,"_wandb":{"runtime":187},"h_norm":0.8724514245986938,"_timestamp":1.7371270884896524e+09,"h_f_product_p":-0.7335376143455505,"h_f_product_f":-1.024994134902954,"_step":1360,"h_f_norm":1.1473668813705444,"_runtime":187.2296452}