{"h_f_product_p":-1.5040638446807861,"h_f_product_f":-1.3633345365524292,"_wandb":{"runtime":1089},"_step":8326,"h_f_product_h":-0.14072932302951813,"_timestamp":1.7371136057934425e+09,"h_norm":0.3264513611793518,"p_norm":1.4872136116027832,"h_f_norm":1.1057147979736328,"_runtime":1089.6181839,"f_norm":1.269107699394226}