{"_runtime":952.8688178,"h_f_product_p":-2.076183319091797,"h_f_product_h":-0.12077493965625763,"h_norm":0.3189408481121063,"f_norm":1.4757732152938843,"p_norm":1.6506441831588745,"_step":7752,"_timestamp":1.7371150432886715e+09,"h_f_product_f":-1.9554083347320557,"h_f_norm":1.354486346244812,"_wandb":{"runtime":952}}