{"p_norm":2.1450014114379883,"f_norm":1.3651403188705444,"h_f_product_f":-1.2654714584350586,"h_f_norm":1.4860975742340088,"_runtime":355.6668319,"h_f_product_p":-0.3224572241306305,"h_f_product_h":0.9430143237113953,"_step":3378,"_wandb":{"runtime":355},"h_norm":1.2414308786392212,"_timestamp":1.7371285732843978e+09}