{"p_norm":2.1040990352630615,"_runtime":206.2045984,"h_f_product_p":-0.11952254176139832,"_wandb":{"runtime":206},"_timestamp":1.737250260392945e+09,"f_norm":1.5471848249435425,"h_f_product_f":-2.514183759689331,"h_f_norm":2.2155914306640625,"_step":1846,"h_f_product_h":2.3946611881256104,"h_norm":1.5080643892288208}