{"_runtime":70.0463768,"h_f_product_f":-0.15467889606952667,"f_norm":0.423382967710495,"h_f_product_h":-0.005853187292814255,"_wandb":{"runtime":70},"_timestamp":1.7371281843727427e+09,"h_norm":0.13682493567466736,"_step":499,"p_norm":0.4971143901348114,"h_f_product_p":-0.16053207218647003,"h_f_norm":0.38577935099601746}