{"f_norm":1.3991320133209229,"h_f_product_p":-0.9081152677536011,"_wandb":{"runtime":193},"h_f_norm":1.9295686483383179,"_step":1599,"h_f_product_h":1.407559871673584,"_timestamp":1.7372201302970045e+09,"h_norm":1.0244290828704834,"_runtime":193.4772139,"h_f_product_f":-2.3156752586364746,"p_norm":1.5135440826416016}