{"h_f_product_h":0.5838150978088379,"p_norm":1.9224175214767456,"h_f_product_p":-0.8867212533950806,"_runtime":196.7695818,"f_norm":1.3714483976364136,"h_f_product_f":-1.4705363512039185,"_step":1879,"_timestamp":1.7372509541774502e+09,"h_norm":0.9970705509185791,"h_f_norm":1.4333008527755737,"_wandb":{"runtime":196}}