{"_wandb":{"runtime":7},"_runtime":7.764686,"h_f_product_h":-0.12219473719596863,"f_norm":1.1720446348190308,"p_norm":1.317154049873352,"h_norm":0.19732952117919922,"_timestamp":1.7371124432157965e+09,"_step":44,"h_f_product_p":-1.334749698638916,"h_f_product_f":-1.212554931640625,"h_f_norm":1.0442031621932983}