{"p_norm":6.044457912445068,"h_f_norm":5.098344802856445,"h_f_product_f":-26.87030601501465,"h_f_product_p":-27.74748992919922,"_runtime":190.9931802,"_timestamp":1.7372507326204119e+09,"_step":1752,"h_norm":1.326047420501709,"_wandb":{"runtime":190},"h_f_product_h":-0.8771851062774658,"f_norm":5.4319329261779785}