{"_wandb":{"runtime":148},"_step":5,"f_norm":1.8881857514381408,"h_f_product_p":0.2113702090969309,"p_norm":2.358194019794464,"Train Loss":1.962154234647751,"Test Loss":1.6263319761276245,"_runtime":148.9530051,"h_norm":1.90565809071064,"h_f_norm":2.962165842056274,"Test Accuracy":39.63,"_timestamp":1.7372499463750844e+09,"h_f_product_f":-4.510161807537079,"h_f_product_h":4.7215319967269895,"Train Accuracy":23.609375}