{"p_norm":1.0976848602294922,"h_f_product_h":-0.008948265574872494,"h_f_norm":0.934876561164856,"_runtime":116.5936353,"f_norm":0.9826860427856445,"_wandb":{"runtime":116},"h_f_product_p":-0.8918907642364502,"_step":919,"h_f_product_f":-0.8829424977302551,"h_norm":0.27162688970565796,"_timestamp":1.737122832365635e+09}