{"h_norm":2.2128818035125732,"h_f_product_p":3.490140199661255,"h_f_product_f":-1.1831235885620117,"h_f_product_h":4.6732635498046875,"h_f_norm":2.419997453689575,"_runtime":21.943847,"_wandb":{"runtime":21},"p_norm":2.5982141494750977,"_step":199,"_timestamp":1.7372503027627804e+09,"f_norm":1.1860462427139282}